FactorRank,Team,EFG,OPPEFG,TOVPCT,OPPTOV,ORB,DRB,OPPORB,OPPDRB,FTR,OPPFTR,EFGTOTAL,TOVTOTAL,REBSUM,OPPREBSUM,REBTOTAL,FTRTOTAL,Dec,FourFactors
1,Ohio State,57.90%,39.00%,17.30%,19.70%,33.60%,75.90%,24.10%,66.40%,0.407,0.257,0.0756,-0.006,109.50%,90.50%,0.038,0.0225,0.1421,14.21
2,Gonzaga,56.30%,47.20%,15.40%,20.30%,33.70%,81.20%,18.80%,66.30%,0.355,0.213,0.0364,-0.01225,114.90%,85.10%,0.0596,0.0213,0.12955,12.955
3,Indiana,54.30%,47.40%,18.70%,21.10%,35.70%,79.40%,20.60%,64.30%,0.512,0.339,0.0276,-0.006,115.10%,84.90%,0.0604,0.02595,0.11995,11.995
4,Illinois,52.50%,48.10%,21.20%,17.00%,41.10%,78.70%,21.30%,58.90%,0.395,0.187,0.0176,0.0105,119.80%,80.20%,0.0792,0.0312,0.1175,11.75
5,Kentucky,51.50%,41.50%,17.30%,17.80%,30.80%,79.00%,21.00%,69.20%,0.431,0.211,0.04,-0.00125,109.80%,90.20%,0.0392,0.033,0.11345,11.345
6,Houston,53.10%,47.00%,16.70%,16.30%,41.60%,80.70%,19.30%,58.40%,0.368,0.386,0.0244,0.001,122.30%,77.70%,0.0892,-0.0027,0.1099,10.99
7,Auburn,55.30%,46.40%,18.20%,19.60%,34.70%,76.60%,23.40%,65.30%,0.386,0.218,0.0356,-0.0035,111.30%,88.70%,0.0452,0.0252,0.1095,10.95
8,Kansas,57.80%,43.60%,19.50%,19.30%,29.90%,77.30%,22.70%,70.10%,0.399,0.273,0.0568,0.0005,107.20%,92.80%,0.0288,0.0189,0.104,10.4
9,Tennessee,50.60%,41.10%,19.90%,19.80%,31.20%,79.90%,20.10%,68.80%,0.4,0.268,0.038,0.00025,111.10%,88.90%,0.0444,0.0198,0.10195,10.195
10,Utah State,50.90%,44.40%,15.50%,19.30%,29.40%,81.40%,18.60%,70.60%,0.407,0.253,0.026,-0.0095,110.80%,89.20%,0.0432,0.0231,0.1018,10.18
11,LSU,57.30%,45.10%,20.10%,19.20%,35.30%,74.40%,25.60%,64.70%,0.335,0.248,0.0488,0.00225,109.70%,90.30%,0.0388,0.01305,0.0984,9.84
12,Duke,52.30%,47.00%,18.70%,23.10%,35.10%,78.00%,22.00%,64.90%,0.371,0.299,0.0212,-0.011,113.10%,86.90%,0.0524,0.0108,0.0954,9.54
13,Maryland,48.80%,44.00%,16.70%,19.30%,33.80%,77.90%,22.10%,66.20%,0.383,0.239,0.0192,-0.0065,111.70%,88.30%,0.0468,0.0216,0.0941,9.41
14,Arizona,56.90%,44.20%,16.90%,23.20%,30.50%,73.90%,26.10%,69.50%,0.421,0.366,0.0508,-0.01575,104.40%,95.60%,0.0176,0.00825,0.0924,9.24
15,Louisville,55.10%,41.10%,18.20%,16.40%,31.00%,76.50%,23.50%,69.00%,0.331,0.259,0.056,0.0045,107.50%,92.50%,0.03,0.0108,0.0923,9.23
16,Utah,58.50%,47.40%,17.60%,17.40%,26.00%,78.40%,21.60%,74.00%,0.395,0.198,0.0444,0.0005,104.40%,95.60%,0.0176,0.02955,0.09105,9.105
17,Miss State,56.10%,47.80%,23.50%,19.50%,38.80%,72.90%,27.10%,61.20%,0.376,0.236,0.0332,0.01,111.70%,88.30%,0.0468,0.021,0.091,9.1
18,Memphis,52.20%,41.60%,19.20%,22.80%,34.10%,71.80%,28.20%,65.90%,0.449,0.353,0.0424,-0.009,105.90%,94.10%,0.0236,0.0144,0.0894,8.94
19,Purdue,49.70%,42.90%,17.20%,21.30%,33.70%,79.30%,20.70%,66.30%,0.282,0.301,0.0272,-0.01025,113.00%,87.00%,0.052,-0.00285,0.0866,8.66
20,S Methodist,52.50%,45.70%,19.00%,18.20%,36.60%,74.90%,25.10%,63.40%,0.361,0.262,0.0272,0.002,111.50%,88.50%,0.046,0.01485,0.08605,8.605
21,Liberty,53.90%,41.20%,15.40%,19.50%,23.60%,78.30%,21.70%,76.40%,0.43,0.319,0.0508,-0.01025,101.90%,98.10%,0.0076,0.01665,0.0853,8.53
22,Baylor,49.70%,44.60%,17.10%,23.00%,35.50%,76.30%,23.70%,64.50%,0.321,0.302,0.0204,-0.01475,111.80%,88.20%,0.0472,0.00285,0.0852,8.52
23,Stanford,57.60%,45.50%,19.60%,22.90%,23.50%,78.80%,21.20%,76.50%,0.346,0.236,0.0484,-0.00825,102.30%,97.70%,0.0092,0.0165,0.08235,8.235
24,Duquesne,53.90%,44.50%,17.00%,22.50%,29.60%,78.90%,21.10%,70.40%,0.256,0.282,0.0376,-0.01375,108.50%,91.50%,0.034,-0.0039,0.08145,8.145
25,San Diego St,52.60%,42.60%,15.90%,20.90%,30.60%,79.30%,20.70%,69.40%,0.262,0.335,0.04,-0.0125,109.90%,90.10%,0.0396,-0.01095,0.08115,8.115
26,Pacific,51.60%,45.80%,18.30%,18.70%,34.30%,80.20%,19.80%,65.70%,0.321,0.334,0.0232,-0.001,114.50%,85.50%,0.058,-0.00195,0.08025,8.025
27,Rutgers,51.10%,45.40%,19.20%,20.90%,31.50%,76.60%,23.40%,68.50%,0.373,0.243,0.0228,-0.00425,108.10%,91.90%,0.0324,0.0195,0.07895,7.895
28,Butler,55.00%,45.50%,15.60%,20.60%,28.70%,77.90%,22.10%,71.30%,0.277,0.266,0.038,-0.0125,106.60%,93.40%,0.0264,0.00165,0.07855,7.855
29,Saint Louis,51.50%,45.40%,19.10%,20.10%,34.50%,76.80%,23.20%,65.50%,0.37,0.336,0.0244,-0.0025,111.30%,88.70%,0.0452,0.0051,0.0772,7.72
30,Michigan St,52.10%,45.70%,16.20%,18.20%,32.00%,77.90%,22.10%,68.00%,0.358,0.324,0.0256,-0.005,109.90%,90.10%,0.0396,0.0051,0.0753,7.53
31,Villanova,56.70%,49.30%,17.00%,17.30%,29.70%,78.40%,21.60%,70.30%,0.3,0.217,0.0296,-0.00075,108.10%,91.90%,0.0324,0.01245,0.0752,7.52
32,Toledo,54.40%,44.40%,19.20%,18.20%,29.50%,71.70%,28.30%,70.50%,0.413,0.218,0.04,0.0025,101.20%,98.80%,0.0048,0.02925,0.07155,7.155
33,W Virginia,47.10%,41.10%,19.30%,19.20%,35.80%,74.10%,25.90%,64.20%,0.408,0.354,0.024,0.00025,109.90%,90.10%,0.0396,0.0081,0.07145,7.145
34,Texas Tech,51.20%,45.80%,19.00%,22.20%,27.50%,80.80%,19.20%,72.50%,0.359,0.313,0.0216,-0.008,108.30%,91.70%,0.0332,0.0069,0.0697,6.97
35,Georgia,54.20%,51.00%,17.90%,19.90%,34.20%,75.80%,24.20%,65.80%,0.382,0.307,0.0128,-0.005,110.00%,90.00%,0.04,0.01125,0.06905,6.905
36,UCLA,49.80%,51.80%,18.00%,20.00%,36.00%,78.90%,21.10%,64.00%,0.43,0.354,-0.008,-0.005,114.90%,85.10%,0.0596,0.0114,0.068,6.8
37,TX Christian,50.50%,48.50%,17.90%,24.50%,32.10%,81.60%,18.40%,67.90%,0.234,0.312,0.008,-0.0165,113.70%,86.30%,0.0548,-0.0117,0.0676,6.76
38,Oregon St,56.00%,44.30%,15.10%,17.70%,26.40%,72.20%,27.80%,73.60%,0.365,0.243,0.0468,-0.0065,98.60%,101.40%,-0.0056,0.0183,0.066,6.6
39,Wichita St,48.60%,43.80%,15.90%,23.50%,32.10%,76.50%,23.50%,67.90%,0.311,0.355,0.0192,-0.019,108.60%,91.40%,0.0344,-0.0066,0.066,6.6
40,Oregon,54.70%,43.90%,16.10%,17.40%,34.20%,68.60%,31.40%,65.80%,0.323,0.268,0.0432,-0.00325,102.80%,97.20%,0.0112,0.00825,0.0659,6.59
41,E Tenn St,56.20%,50.10%,20.30%,20.30%,34.00%,74.80%,25.20%,66.00%,0.392,0.351,0.0244,0,108.80%,91.20%,0.0352,0.00615,0.06575,6.575
42,Cincinnati,50.00%,45.10%,21.00%,18.70%,30.10%,75.60%,24.40%,69.90%,0.47,0.278,0.0196,0.00575,105.70%,94.30%,0.0228,0.0288,0.06545,6.545
43,Dayton,63.50%,51.60%,17.70%,20.30%,29.10%,76.20%,23.80%,70.90%,0.276,0.342,0.0476,-0.0065,105.30%,94.70%,0.0212,-0.0099,0.0654,6.54
44,New Mexico,52.30%,50.10%,20.20%,18.80%,30.50%,76.40%,23.60%,69.50%,0.439,0.223,0.0088,0.0035,106.90%,93.10%,0.0276,0.0324,0.0653,6.53
45,Colorado,47.00%,46.50%,20.80%,24.70%,30.10%,77.40%,22.60%,69.90%,0.412,0.255,0.002,-0.00975,107.50%,92.50%,0.03,0.02355,0.0653,6.53
46,Penn State,51.20%,45.20%,16.90%,21.60%,32.10%,76.40%,23.60%,67.90%,0.322,0.36,0.024,-0.01175,108.50%,91.50%,0.034,-0.0057,0.06405,6.405
47,Rider,52.00%,46.40%,20.40%,15.00%,28.60%,78.50%,21.50%,71.40%,0.428,0.265,0.0224,0.0135,107.10%,92.90%,0.0284,0.02445,0.06175,6.175
48,Iowa,51.20%,49.70%,13.00%,17.10%,31.90%,75.50%,24.50%,68.10%,0.362,0.259,0.006,-0.01025,107.40%,92.60%,0.0296,0.01545,0.0613,6.13
49,Virginia,44.20%,38.20%,20.10%,21.90%,26.40%,79.90%,20.10%,73.60%,0.229,0.187,0.024,-0.0045,106.30%,93.70%,0.0252,0.0063,0.06,6
50,Florida St,51.90%,43.70%,19.00%,25.60%,31.70%,71.90%,28.10%,68.30%,0.373,0.402,0.0328,-0.0165,103.60%,96.40%,0.0144,-0.00435,0.05935,5.935
51,Vanderbilt,57.00%,47.70%,18.00%,20.20%,29.90%,74.30%,25.70%,70.10%,0.362,0.368,0.0372,-0.0055,104.20%,95.80%,0.0168,-0.0009,0.0586,5.86
52,USC,49.80%,45.90%,19.20%,17.90%,30.50%,76.20%,23.80%,69.50%,0.385,0.257,0.0156,0.00325,106.70%,93.30%,0.0268,0.0192,0.05835,5.835
53,Ball State,53.00%,44.70%,16.70%,18.50%,27.40%,77.30%,22.70%,72.60%,0.312,0.302,0.0332,-0.0045,104.70%,95.30%,0.0188,0.0015,0.058,5.8
54,Washington,51.50%,45.90%,20.30%,20.60%,25.80%,76.70%,23.30%,74.20%,0.402,0.237,0.0224,-0.00075,102.50%,97.50%,0.01,0.02475,0.0579,5.79
55,N Carolina,44.40%,45.00%,18.00%,16.00%,34.60%,77.60%,22.40%,65.40%,0.344,0.234,-0.0024,0.005,112.20%,87.80%,0.0488,0.0165,0.0579,5.79
56,DePaul,52.30%,42.60%,17.40%,20.30%,32.00%,71.80%,28.20%,68.00%,0.313,0.336,0.0388,-0.00725,103.80%,96.20%,0.0152,-0.00345,0.0578,5.78
57,Temple,47.50%,42.50%,16.60%,20.40%,26.50%,77.40%,22.60%,73.50%,0.332,0.255,0.02,-0.0095,103.90%,96.10%,0.0156,0.01155,0.05665,5.665
58,Xavier,48.40%,43.40%,18.80%,21.80%,32.00%,73.90%,26.10%,68.00%,0.335,0.302,0.02,-0.0075,105.90%,94.10%,0.0236,0.00495,0.05605,5.605
59,Notre Dame,49.70%,45.90%,13.90%,19.80%,26.70%,75.20%,24.80%,73.30%,0.283,0.169,0.0152,-0.01475,101.90%,98.10%,0.0076,0.0171,0.05465,5.465
60,Akron,49.30%,41.20%,19.10%,18.10%,27.90%,74.90%,25.10%,72.10%,0.399,0.31,0.0324,0.0025,102.80%,97.20%,0.0112,0.01335,0.05445,5.445
61,Arkansas,49.80%,40.80%,18.40%,26.10%,21.70%,77.30%,22.70%,78.30%,0.316,0.306,0.036,-0.01925,99.00%,101.00%,-0.004,0.0015,0.05275,5.275
62,Connecticut,47.20%,43.50%,17.70%,21.70%,31.10%,73.90%,26.10%,68.90%,0.338,0.289,0.0148,-0.01,105.00%,95.00%,0.02,0.00735,0.05215,5.215
63,San Fransco,53.80%,50.70%,16.40%,17.60%,32.00%,78.00%,22.00%,68.00%,0.316,0.347,0.0124,-0.003,110.00%,90.00%,0.04,-0.00465,0.05075,5.075
64,St Marys,54.80%,50.40%,16.00%,19.50%,25.90%,78.40%,21.60%,74.10%,0.29,0.245,0.0176,-0.00875,104.30%,95.70%,0.0172,0.00675,0.0503,5.03
65,Michigan,58.10%,44.70%,17.80%,15.20%,24.50%,75.20%,24.80%,75.50%,0.259,0.233,0.0536,0.0065,99.70%,100.30%,-0.0012,0.0039,0.0498,4.98
66,Bradley,46.70%,45.00%,17.80%,21.20%,36.10%,71.90%,28.10%,63.90%,0.344,0.328,0.0068,-0.0085,108.00%,92.00%,0.032,0.0024,0.0497,4.97
67,Missouri,48.00%,43.10%,20.90%,20.90%,27.60%,79.10%,20.90%,72.40%,0.346,0.329,0.0196,0,106.70%,93.30%,0.0268,0.00255,0.04895,4.895
68,Tulsa,50.90%,43.90%,19.60%,21.10%,29.70%,71.20%,28.80%,70.30%,0.364,0.278,0.028,-0.00375,100.90%,99.10%,0.0036,0.0129,0.04825,4.825
69,Wisconsin,49.90%,48.50%,16.90%,18.20%,28.50%,78.80%,21.20%,71.50%,0.313,0.249,0.0056,-0.00325,107.30%,92.70%,0.0292,0.0096,0.04765,4.765
70,Central FL,50.40%,49.40%,18.90%,21.40%,32.80%,74.00%,26.00%,67.20%,0.293,0.23,0.004,-0.00625,106.80%,93.20%,0.0272,0.00945,0.0469,4.69
71,Kent State,51.80%,43.70%,15.70%,20.20%,29.00%,74.20%,25.80%,71.00%,0.248,0.312,0.0324,-0.01125,103.20%,96.80%,0.0128,-0.0096,0.04685,4.685
72,S Florida,48.30%,51.70%,24.30%,26.30%,32.90%,80.10%,19.90%,67.10%,0.354,0.335,-0.0136,-0.005,113.00%,87.00%,0.052,0.00285,0.04625,4.625
73,Georgetown,51.90%,48.40%,21.80%,20.20%,34.70%,71.30%,28.70%,65.30%,0.377,0.302,0.014,0.004,106.00%,94.00%,0.024,0.01125,0.04525,4.525
74,Oklahoma St,48.80%,43.00%,18.60%,22.10%,26.70%,75.40%,24.60%,73.30%,0.343,0.313,0.0232,-0.00875,102.10%,97.90%,0.0084,0.0045,0.04485,4.485
75,Providence,48.60%,47.70%,19.30%,25.00%,32.90%,76.00%,24.00%,67.10%,0.317,0.376,0.0036,-0.01425,108.90%,91.10%,0.0356,-0.00885,0.0446,4.46
76,Geo Mason,48.50%,44.80%,18.00%,17.60%,32.20%,71.90%,28.10%,67.80%,0.341,0.25,0.0148,0.001,104.10%,95.90%,0.0164,0.01365,0.04385,4.385
77,Seton Hall,53.60%,44.70%,18.10%,20.70%,30.10%,73.10%,26.90%,69.90%,0.318,0.393,0.0356,-0.0065,103.20%,96.80%,0.0128,-0.01125,0.04365,4.365
78,Missouri St,48.80%,47.30%,21.80%,18.50%,35.10%,75.20%,24.80%,64.90%,0.328,0.3,0.006,0.00825,110.30%,89.70%,0.0412,0.0042,0.04315,4.315
79,St Johns,47.50%,45.10%,16.60%,22.70%,32.60%,69.90%,30.10%,67.40%,0.35,0.3,0.0096,-0.01525,102.50%,97.50%,0.01,0.0075,0.04235,4.235
80,Fordham,45.20%,45.20%,18.70%,24.20%,28.10%,77.80%,22.20%,71.90%,0.323,0.291,0,-0.01375,105.90%,94.10%,0.0236,0.0048,0.04215,4.215
81,Navy,43.80%,47.30%,21.20%,19.90%,34.10%,76.30%,23.70%,65.90%,0.36,0.242,-0.014,0.00325,110.40%,89.60%,0.0416,0.0177,0.04205,4.205
82,Iowa State,51.80%,49.10%,14.90%,23.60%,26.40%,71.30%,28.70%,73.60%,0.32,0.198,0.0108,-0.02175,97.70%,102.30%,-0.0092,0.0183,0.04165,4.165
83,Central Mich,47.30%,53.30%,14.90%,19.60%,30.80%,75.30%,24.70%,69.20%,0.401,0.211,-0.024,-0.01175,106.10%,93.90%,0.0244,0.0285,0.04065,4.065
84,VA Tech,57.70%,48.50%,15.70%,17.80%,20.70%,77.80%,22.20%,79.30%,0.212,0.195,0.0368,-0.00525,98.50%,101.50%,-0.006,0.00255,0.0386,3.86
85,Yale,53.00%,40.90%,19.00%,15.60%,20.70%,76.80%,23.20%,79.30%,0.313,0.259,0.0484,0.0085,97.50%,102.50%,-0.01,0.0081,0.038,3.8
86,Wright State,48.90%,50.40%,15.30%,19.70%,29.20%,75.40%,24.60%,70.80%,0.311,0.215,-0.006,-0.011,104.60%,95.40%,0.0184,0.0144,0.0378,3.78
87,VCU,51.10%,46.00%,19.20%,26.80%,24.90%,71.10%,28.90%,75.10%,0.376,0.281,0.0204,-0.019,96.00%,104.00%,-0.016,0.01425,0.03765,3.765
88,Drake,51.20%,47.20%,20.50%,22.50%,25.90%,78.10%,21.90%,74.10%,0.31,0.309,0.016,-0.005,104.00%,96.00%,0.016,0.00015,0.03715,3.715
89,Oklahoma,50.30%,48.80%,14.00%,18.40%,21.20%,78.50%,21.50%,78.80%,0.334,0.204,0.006,-0.011,99.70%,100.30%,-0.0012,0.0195,0.0353,3.53
90,Arizona St,48.10%,44.10%,15.60%,23.40%,23.90%,74.20%,25.80%,76.10%,0.332,0.286,0.016,-0.0195,98.10%,101.90%,-0.0076,0.0069,0.0348,3.48
91,NC State,53.40%,49.60%,15.40%,22.20%,29.60%,72.10%,27.90%,70.40%,0.303,0.333,0.0152,-0.017,101.70%,98.30%,0.0068,-0.0045,0.0345,3.45
92,UAB,45.20%,47.30%,22.60%,19.50%,37.30%,74.00%,26.00%,62.70%,0.258,0.222,-0.0084,0.00775,111.30%,88.70%,0.0452,0.0054,0.03445,3.445
93,Sac State,41.70%,41.50%,19.00%,24.00%,27.00%,75.80%,24.20%,73.00%,0.462,0.399,0.0008,-0.0125,102.80%,97.20%,0.0112,0.00945,0.03395,3.395
94,Furman,54.30%,49.50%,16.00%,24.70%,23.40%,75.30%,24.70%,76.60%,0.271,0.287,0.0192,-0.02175,98.70%,101.30%,-0.0052,-0.0024,0.03335,3.335
95,N Illinois,46.40%,46.40%,19.80%,17.20%,29.30%,80.70%,19.30%,70.70%,0.273,0.274,0,0.0065,110.00%,90.00%,0.04,-0.00015,0.03335,3.335
96,Marquette,50.90%,42.40%,21.10%,17.00%,26.60%,74.30%,25.70%,73.40%,0.423,0.385,0.034,0.01025,100.90%,99.10%,0.0036,0.0057,0.03305,3.305
97,LA Tech,52.40%,46.10%,17.80%,21.60%,28.90%,74.10%,25.90%,71.10%,0.269,0.363,0.0252,-0.0095,103.00%,97.00%,0.012,-0.0141,0.0326,3.26
98,App State,46.10%,46.40%,20.10%,22.10%,24.10%,77.50%,22.50%,75.90%,0.419,0.27,-0.0012,-0.005,101.60%,98.40%,0.0064,0.02235,0.03255,3.255
99,W Carolina,53.80%,50.00%,19.60%,18.80%,28.40%,74.40%,25.60%,71.60%,0.408,0.357,0.0152,0.002,102.80%,97.20%,0.0112,0.00765,0.03205,3.205
100,Pittsburgh,45.50%,45.90%,19.80%,22.60%,31.40%,69.00%,31.00%,68.60%,0.379,0.217,-0.0016,-0.007,100.40%,99.60%,0.0016,0.0243,0.0313,3.13
101,Coastal Car,52.60%,50.60%,20.70%,18.10%,32.50%,73.40%,26.60%,67.50%,0.42,0.382,0.008,0.0065,105.90%,94.10%,0.0236,0.0057,0.0308,3.08
102,UNLV,48.90%,50.40%,21.80%,17.30%,33.40%,78.30%,21.70%,66.60%,0.321,0.313,-0.006,0.01125,111.70%,88.30%,0.0468,0.0012,0.03075,3.075
103,Rhode Island,47.30%,47.30%,18.40%,21.00%,30.20%,71.60%,28.40%,69.80%,0.343,0.234,0,-0.0065,101.80%,98.20%,0.0072,0.01635,0.03005,3.005
104,Florida,48.90%,45.90%,18.00%,18.50%,26.50%,76.10%,23.90%,73.50%,0.346,0.306,0.012,-0.00125,102.60%,97.40%,0.0104,0.006,0.02965,2.965
105,Mississippi,49.10%,45.90%,19.60%,21.50%,26.10%,76.80%,23.20%,73.90%,0.378,0.375,0.0128,-0.00475,102.90%,97.10%,0.0116,0.00045,0.0296,2.96
106,N Dakota St,46.80%,49.60%,15.30%,15.80%,21.50%,83.80%,16.20%,78.50%,0.348,0.228,-0.0112,-0.00125,105.30%,94.70%,0.0212,0.018,0.02925,2.925
107,N Iowa,53.40%,47.50%,19.10%,18.90%,26.80%,73.70%,26.30%,73.20%,0.273,0.258,0.0236,0.0005,100.50%,99.50%,0.002,0.00225,0.02735,2.735
108,W Kentucky,54.40%,49.60%,21.10%,18.50%,27.30%,70.30%,29.70%,72.70%,0.396,0.236,0.0192,0.0065,97.60%,102.40%,-0.0096,0.024,0.0271,2.71
109,Clemson,51.30%,48.40%,17.70%,22.30%,23.60%,77.20%,22.80%,76.40%,0.27,0.265,0.0116,-0.0115,100.80%,99.20%,0.0032,0.00075,0.02705,2.705
110,Austin Peay,52.00%,53.90%,19.40%,20.80%,34.00%,71.00%,29.00%,66.00%,0.427,0.353,-0.0076,-0.0035,105.00%,95.00%,0.02,0.0111,0.027,2.7
111,Syracuse,51.60%,44.70%,19.00%,21.60%,24.90%,69.50%,30.50%,75.10%,0.402,0.3,0.0276,-0.0065,94.40%,105.60%,-0.0224,0.0153,0.027,2.7
112,Oakland,46.90%,47.80%,21.20%,15.20%,25.40%,79.10%,20.90%,74.60%,0.408,0.228,-0.0036,0.015,104.50%,95.50%,0.018,0.027,0.0264,2.64
113,Murray St,49.90%,49.10%,20.50%,18.70%,27.20%,75.70%,24.30%,72.80%,0.417,0.314,0.0032,0.0045,102.90%,97.10%,0.0116,0.01545,0.02575,2.575
114,Belmont,55.20%,47.60%,17.40%,18.30%,22.40%,76.30%,23.70%,77.60%,0.232,0.248,0.0304,-0.00225,98.70%,101.30%,-0.0052,-0.0024,0.02505,2.505
115,Wake Forest,46.90%,49.30%,19.90%,16.20%,28.60%,79.40%,20.60%,71.40%,0.405,0.326,-0.0096,0.00925,108.00%,92.00%,0.032,0.01185,0.025,2.5
116,E Illinois,49.30%,49.10%,18.70%,24.00%,29.70%,75.80%,24.20%,70.30%,0.28,0.354,0.0008,-0.01325,105.50%,94.50%,0.022,-0.0111,0.02495,2.495
117,N Mex State,48.20%,51.20%,22.30%,21.60%,33.20%,79.20%,20.80%,66.80%,0.282,0.36,-0.012,0.00175,112.40%,87.60%,0.0496,-0.0117,0.02415,2.415
118,Stony Brook,48.20%,45.10%,20.80%,15.90%,26.50%,75.60%,24.40%,73.50%,0.316,0.212,0.0124,0.01225,102.10%,97.90%,0.0084,0.0156,0.02415,2.415
119,UC Irvine,49.90%,43.80%,21.20%,15.30%,29.10%,78.60%,21.40%,70.90%,0.296,0.406,0.0244,0.01475,107.70%,92.30%,0.0308,-0.0165,0.02395,2.395
120,Siena,46.80%,52.20%,18.40%,17.80%,32.30%,78.80%,21.20%,67.70%,0.345,0.332,-0.0216,0.0015,111.10%,88.90%,0.0444,0.00195,0.02325,2.325
121,Charlotte,53.20%,50.20%,20.40%,19.40%,21.60%,78.90%,21.10%,78.40%,0.339,0.261,0.012,0.0025,100.50%,99.50%,0.002,0.0117,0.0232,2.32
122,S Carolina,47.20%,45.00%,17.20%,20.60%,31.90%,73.70%,26.30%,68.10%,0.33,0.44,0.0088,-0.0085,105.60%,94.40%,0.0224,-0.0165,0.0232,2.32
123,TN State,54.70%,48.00%,24.50%,19.60%,28.80%,76.20%,23.80%,71.20%,0.331,0.409,0.0268,0.01225,105.00%,95.00%,0.02,-0.0117,0.02285,2.285
124,Sacred Hrt,50.00%,48.40%,21.70%,14.70%,32.10%,71.40%,28.60%,67.90%,0.348,0.215,0.0064,0.0175,103.50%,96.50%,0.014,0.01995,0.02285,2.285
125,Kansas St,46.80%,47.20%,20.00%,27.90%,29.00%,71.50%,28.50%,71.00%,0.31,0.294,-0.0016,-0.01975,100.50%,99.50%,0.002,0.0024,0.02255,2.255
126,NC-Grnsboro,47.40%,44.60%,16.40%,26.10%,29.90%,73.10%,26.90%,70.10%,0.232,0.4,0.0112,-0.02425,103.00%,97.00%,0.012,-0.0252,0.02225,2.225
127,N Hampshire,49.30%,49.70%,19.40%,17.80%,28.70%,81.00%,19.00%,71.30%,0.266,0.343,-0.0016,0.004,109.70%,90.30%,0.0388,-0.01155,0.02165,2.165
128,AR Lit Rock,48.80%,47.60%,24.00%,21.80%,29.10%,73.30%,26.70%,70.90%,0.427,0.352,0.0048,0.0055,102.40%,97.60%,0.0096,0.01125,0.02015,2.015
129,Creighton,55.00%,50.60%,16.30%,18.60%,24.10%,75.80%,24.20%,75.90%,0.237,0.256,0.0176,-0.00575,99.90%,100.10%,-0.0004,-0.00285,0.0201,2.01
130,Colorado St,53.30%,51.40%,18.90%,17.20%,20.10%,77.00%,23.00%,79.90%,0.403,0.216,0.0076,0.00425,97.10%,102.90%,-0.0116,0.02805,0.0198,1.98
131,Tulane,52.20%,52.90%,18.30%,24.90%,23.50%,70.80%,29.20%,76.50%,0.405,0.213,-0.0028,-0.0165,94.30%,105.70%,-0.0228,0.0288,0.0197,1.97
132,S Utah,44.40%,45.60%,23.00%,18.90%,31.30%,79.20%,20.80%,68.70%,0.329,0.378,-0.0048,0.01025,110.50%,89.50%,0.042,-0.00735,0.0196,1.96
133,South Dakota,54.80%,48.30%,17.10%,13.30%,20.90%,78.10%,21.90%,79.10%,0.361,0.316,0.026,0.0095,99.00%,101.00%,-0.004,0.00675,0.01925,1.925
134,Delaware,53.40%,46.30%,15.80%,17.10%,20.60%,75.10%,24.90%,79.40%,0.264,0.233,0.0284,-0.00325,95.70%,104.30%,-0.0172,0.00465,0.0191,1.91
135,Loyola-Chi,56.30%,51.10%,20.90%,22.00%,17.00%,79.10%,20.90%,83.00%,0.382,0.31,0.0208,-0.00275,96.10%,103.90%,-0.0156,0.0108,0.01875,1.875
136,Alabama,52.00%,48.00%,22.50%,18.00%,30.90%,72.20%,27.80%,69.10%,0.345,0.335,0.016,0.01125,103.10%,96.90%,0.0124,0.0015,0.01865,1.865
137,E Michigan,49.60%,48.60%,24.50%,26.40%,18.60%,74.90%,25.10%,81.40%,0.514,0.275,0.004,-0.00475,93.50%,106.50%,-0.026,0.03585,0.0186,1.86
138,Brown,46.90%,49.70%,22.10%,18.60%,35.50%,75.50%,24.50%,64.50%,0.292,0.344,-0.0112,0.00875,111.00%,89.00%,0.044,-0.0078,0.01625,1.625
139,Mass Lowell,50.80%,51.40%,18.80%,17.80%,28.70%,72.50%,27.50%,71.30%,0.338,0.24,-0.0024,0.0025,101.20%,98.80%,0.0048,0.0147,0.0146,1.46
140,Richmond,57.40%,47.10%,15.90%,19.90%,23.40%,71.60%,28.40%,76.60%,0.197,0.308,0.0412,-0.01,95.00%,105.00%,-0.02,-0.01665,0.01455,1.455
141,Bryant,48.20%,44.60%,19.90%,18.00%,29.20%,73.30%,26.70%,70.80%,0.269,0.303,0.0144,0.00475,102.50%,97.50%,0.01,-0.0051,0.01455,1.455
142,Minnesota,50.70%,45.70%,18.60%,17.50%,25.40%,75.50%,24.50%,74.60%,0.244,0.288,0.02,0.00275,100.90%,99.10%,0.0036,-0.0066,0.01425,1.425
143,GA Tech,48.90%,42.00%,22.20%,18.40%,25.20%,72.00%,28.00%,74.80%,0.351,0.305,0.0276,0.0095,97.20%,102.80%,-0.0112,0.0069,0.0138,1.38
144,Texas,51.50%,45.70%,19.00%,23.10%,27.20%,73.00%,27.00%,72.80%,0.185,0.329,0.0232,-0.01025,100.20%,99.80%,0.0008,-0.0216,0.01265,1.265
145,Lafayette,59.50%,49.90%,19.10%,14.00%,21.90%,75.30%,24.70%,78.10%,0.233,0.247,0.0384,0.01275,97.20%,102.80%,-0.0112,-0.0021,0.01235,1.235
146,Jacksonville,47.20%,46.10%,21.00%,15.10%,24.20%,78.40%,21.60%,75.80%,0.345,0.265,0.0044,0.01475,102.60%,97.40%,0.0104,0.012,0.01205,1.205
147,UC Riverside,49.10%,42.60%,19.60%,14.00%,23.10%,79.60%,20.40%,76.90%,0.274,0.347,0.026,0.014,102.70%,97.30%,0.0108,-0.01095,0.01185,1.185
148,Harvard,50.60%,48.30%,20.10%,20.10%,29.90%,70.30%,29.70%,70.10%,0.324,0.313,0.0092,0,100.20%,99.80%,0.0008,0.00165,0.01165,1.165
149,Santa Clara,52.80%,46.10%,20.80%,20.70%,18.60%,79.30%,20.70%,81.40%,0.373,0.418,0.0268,0.00025,97.90%,102.10%,-0.0084,-0.00675,0.0114,1.14
150,Northwestern,47.30%,46.00%,18.50%,16.30%,24.60%,76.60%,23.40%,75.40%,0.326,0.282,0.0052,0.0055,101.20%,98.80%,0.0048,0.0066,0.0111,1.11
151,Wm & Mary,55.00%,47.20%,17.70%,13.50%,18.10%,78.50%,21.50%,81.90%,0.292,0.266,0.0312,0.0105,96.60%,103.40%,-0.0136,0.0039,0.011,1.1
152,Hofstra,47.00%,50.40%,16.50%,20.20%,26.20%,71.40%,28.60%,73.80%,0.364,0.202,-0.0136,-0.00925,97.60%,102.40%,-0.0096,0.0243,0.01035,1.035
153,Texas State,49.20%,45.00%,18.50%,20.90%,26.50%,70.90%,29.10%,73.50%,0.37,0.389,0.0168,-0.006,97.40%,102.60%,-0.0104,-0.00285,0.00955,0.955
154,Wash State,44.40%,48.80%,12.70%,22.30%,25.70%,76.70%,23.30%,74.30%,0.272,0.316,-0.0176,-0.024,102.40%,97.60%,0.0096,-0.0066,0.0094,0.94
155,Valparaiso,50.30%,54.50%,19.40%,22.60%,29.00%,74.80%,25.20%,71.00%,0.329,0.312,-0.0168,-0.008,103.80%,96.20%,0.0152,0.00255,0.00895,0.895
156,Nevada,52.30%,46.80%,16.10%,15.00%,22.90%,77.10%,22.90%,77.10%,0.305,0.374,0.022,0.00275,100.00%,100.00%,0,-0.01035,0.0089,0.89
157,N Colorado,49.40%,48.60%,18.90%,16.50%,24.60%,76.30%,23.70%,75.40%,0.28,0.23,0.0032,0.006,100.90%,99.10%,0.0036,0.0075,0.0083,0.83
158,Drexel,51.50%,50.10%,24.30%,16.80%,27.80%,75.60%,24.40%,72.20%,0.33,0.278,0.0056,0.01875,103.40%,96.60%,0.0136,0.0078,0.00825,0.825
159,UCSB,52.20%,50.60%,17.70%,17.30%,27.90%,73.30%,26.70%,72.10%,0.337,0.357,0.0064,0.001,101.20%,98.80%,0.0048,-0.003,0.0072,0.72
160,California Baptist,48.90%,48.70%,18.40%,14.50%,26.60%,76.40%,23.60%,73.40%,0.348,0.322,0.0008,0.00975,103.00%,97.00%,0.012,0.0039,0.00695,0.695
161,Fla Atlantic,45.70%,50.40%,20.70%,19.90%,31.00%,73.40%,26.60%,69.00%,0.345,0.28,-0.0188,0.002,104.40%,95.60%,0.0176,0.00975,0.00655,0.655
162,N Kentucky,52.40%,45.30%,21.20%,20.00%,23.30%,73.50%,26.50%,76.70%,0.302,0.348,0.0284,0.003,96.80%,103.20%,-0.0128,-0.0069,0.0057,0.57
163,S Alabama,51.10%,55.70%,17.00%,19.40%,25.20%,73.30%,26.70%,74.80%,0.406,0.247,-0.0184,-0.006,98.50%,101.50%,-0.006,0.02385,0.00545,0.545
164,Florida Intl,53.50%,43.30%,21.30%,22.90%,29.40%,63.20%,36.80%,70.60%,0.283,0.349,0.0408,-0.004,92.60%,107.40%,-0.0296,-0.0099,0.0053,0.53
165,Youngs St,43.20%,50.50%,17.10%,16.50%,31.30%,76.80%,23.20%,68.70%,0.305,0.287,-0.0292,0.0015,108.10%,91.90%,0.0324,0.0027,0.0044,0.44
166,BYU,55.80%,48.00%,17.10%,17.10%,18.20%,77.00%,23.00%,81.80%,0.21,0.266,0.0312,0,95.20%,104.80%,-0.0192,-0.0084,0.0036,0.36
167,S Dakota St,50.40%,47.90%,19.90%,16.20%,27.10%,71.80%,28.20%,72.90%,0.343,0.296,0.01,0.00925,98.90%,101.10%,-0.0044,0.00705,0.0034,0.34
168,GA Southern,50.10%,51.70%,17.00%,23.40%,22.80%,73.80%,26.20%,77.20%,0.361,0.317,-0.0064,-0.016,96.60%,103.40%,-0.0136,0.0066,0.0026,0.26
169,Albany,47.10%,46.80%,19.00%,17.50%,22.20%,76.50%,23.50%,77.80%,0.349,0.292,0.0012,0.00375,98.70%,101.30%,-0.0052,0.00855,0.0008,0.08
170,Mercer,48.30%,51.70%,20.90%,17.90%,31.00%,74.70%,25.30%,69.00%,0.327,0.337,-0.0136,0.0075,105.70%,94.30%,0.0228,-0.0015,0.0002,0.02
171,North Texas,50.60%,47.30%,22.40%,19.90%,29.70%,76.00%,24.00%,70.30%,0.233,0.432,0.0132,0.00625,105.70%,94.30%,0.0228,-0.02985,-1E-04,-0.01
172,Quinnipiac,52.80%,49.90%,17.90%,14.90%,24.30%,72.20%,27.80%,75.70%,0.262,0.197,0.0116,0.0075,96.50%,103.50%,-0.014,0.00975,-0.00015,-0.015
173,Arkansas St,51.70%,53.40%,20.10%,21.10%,25.00%,74.30%,25.70%,75.00%,0.4,0.354,-0.0068,-0.0025,99.30%,100.70%,-0.0028,0.0069,-0.0002,-0.02
174,Buffalo,47.00%,49.20%,17.50%,20.90%,30.80%,71.80%,28.20%,69.20%,0.264,0.337,-0.0088,-0.0085,102.60%,97.40%,0.0104,-0.01095,-0.00085,-0.085
175,Towson,45.70%,47.90%,19.00%,17.80%,29.50%,72.10%,27.90%,70.50%,0.341,0.314,-0.0088,0.003,101.60%,98.40%,0.0064,0.00405,-0.00135,-0.135
176,Ohio,53.10%,47.60%,19.90%,18.90%,23.00%,73.80%,26.20%,77.00%,0.306,0.364,0.022,0.0025,96.80%,103.20%,-0.0128,-0.0087,-0.002,-0.2
177,Davidson,54.10%,49.60%,16.10%,19.00%,18.90%,77.60%,22.40%,81.10%,0.246,0.337,0.018,-0.00725,96.50%,103.50%,-0.014,-0.01365,-0.0024,-0.24
178,LA Lafayette,49.30%,51.90%,19.80%,20.30%,25.10%,74.00%,26.00%,74.90%,0.397,0.332,-0.0104,-0.00125,99.10%,100.90%,-0.0036,0.00975,-0.003,-0.3
179,Air Force,54.20%,57.20%,17.60%,16.00%,18.30%,79.60%,20.40%,81.70%,0.432,0.29,-0.012,0.004,97.90%,102.10%,-0.0084,0.0213,-0.0031,-0.31
180,Ste F Austin,51.20%,52.90%,23.20%,29.60%,31.00%,76.40%,23.60%,69.00%,0.371,0.656,-0.0068,-0.016,107.40%,92.60%,0.0296,-0.04275,-0.00395,-0.395
181,Canisius,49.70%,48.60%,22.40%,23.30%,29.60%,69.70%,30.30%,70.40%,0.35,0.402,0.0044,-0.00225,99.30%,100.70%,-0.0028,-0.0078,-0.00395,-0.395
182,E Carolina,45.50%,54.60%,16.70%,18.30%,30.50%,78.40%,21.60%,69.50%,0.376,0.428,-0.0364,-0.004,108.90%,91.10%,0.0356,-0.0078,-0.0046,-0.46
183,Morehead St,47.20%,46.90%,18.40%,18.30%,25.20%,74.70%,25.30%,74.80%,0.268,0.304,0.0012,0.00025,99.90%,100.10%,-0.0004,-0.0054,-0.00485,-0.485
184,St Bonavent,47.20%,45.30%,19.00%,20.30%,30.20%,69.80%,30.20%,69.80%,0.28,0.385,0.0076,-0.00325,100.00%,100.00%,0,-0.01575,-0.0049,-0.49
185,Samford,52.00%,50.00%,24.00%,19.00%,32.00%,65.30%,34.70%,68.00%,0.367,0.302,0.008,0.0125,97.30%,102.70%,-0.0108,0.00975,-0.00555,-0.555
186,Illinois St,51.80%,50.60%,19.00%,20.80%,28.40%,71.30%,28.70%,71.60%,0.212,0.304,0.0048,-0.0045,99.70%,100.30%,-0.0012,-0.0138,-0.0057,-0.57
187,Boise State,48.80%,51.90%,15.70%,17.40%,18.60%,77.90%,22.10%,81.40%,0.37,0.262,-0.0124,-0.00425,96.50%,103.50%,-0.014,0.0162,-0.00595,-0.595
188,St Fran (PA),47.90%,51.60%,18.80%,18.00%,29.00%,71.50%,28.50%,71.00%,0.368,0.309,-0.0148,0.002,100.50%,99.50%,0.002,0.00885,-0.00595,-0.595
189,Wofford,54.20%,54.10%,16.60%,16.50%,24.70%,75.50%,24.50%,75.30%,0.268,0.319,0.0004,0.00025,100.20%,99.80%,0.0008,-0.00765,-0.0067,-0.67
190,James Mad,49.20%,49.30%,18.40%,11.30%,20.50%,73.70%,26.30%,79.50%,0.416,0.185,-0.0004,0.01775,94.20%,105.80%,-0.0232,0.03465,-0.0067,-0.67
191,Northeastrn,59.40%,52.40%,20.70%,18.60%,20.70%,73.00%,27.00%,79.30%,0.263,0.298,0.028,0.00525,93.70%,106.30%,-0.0252,-0.00525,-0.0077,-0.77
192,Geo Wshgtn,48.10%,46.00%,18.40%,15.80%,23.50%,72.50%,27.50%,76.50%,0.338,0.296,0.0084,0.0065,96.00%,104.00%,-0.016,0.0063,-0.0078,-0.78
193,Vermont,45.80%,42.40%,17.90%,18.40%,23.80%,74.10%,25.90%,76.20%,0.286,0.384,0.0136,-0.00125,97.90%,102.10%,-0.0084,-0.0147,-0.00825,-0.825
194,Boston Col,47.90%,47.50%,19.70%,23.20%,22.00%,71.80%,28.20%,78.00%,0.3,0.263,0.0016,-0.00875,93.80%,106.20%,-0.0248,0.00555,-0.0089,-0.89
195,Old Dominion,43.40%,48.60%,18.70%,21.10%,27.50%,80.10%,19.90%,72.50%,0.249,0.415,-0.0208,-0.006,107.60%,92.40%,0.0304,-0.0249,-0.0093,-0.93
196,Portland St,46.60%,54.80%,16.00%,19.20%,37.20%,68.00%,32.00%,62.80%,0.313,0.35,-0.0328,-0.008,105.20%,94.80%,0.0208,-0.00555,-0.00955,-0.955
197,California,51.00%,46.90%,21.30%,16.00%,20.00%,71.90%,28.10%,80.00%,0.382,0.254,0.0164,0.01325,91.90%,108.10%,-0.0324,0.0192,-0.01005,-1.005
198,Colgate,53.10%,53.20%,18.30%,16.10%,25.30%,75.80%,24.20%,74.70%,0.172,0.235,-0.0004,0.0055,101.10%,98.90%,0.0044,-0.00945,-0.01095,-1.095
199,La Salle,51.30%,44.60%,21.70%,19.20%,24.70%,71.80%,28.20%,75.30%,0.277,0.394,0.0268,0.00625,96.50%,103.50%,-0.014,-0.01755,-0.011,-1.1
200,CS Bakersfld,46.80%,55.10%,22.50%,16.70%,35.90%,80.90%,19.10%,64.10%,0.312,0.516,-0.0332,0.0145,116.80%,83.20%,0.0672,-0.0306,-0.0111,-1.11
201,Hawaii,52.60%,49.30%,18.80%,18.30%,23.60%,70.70%,29.30%,76.40%,0.32,0.332,0.0132,0.00125,94.30%,105.70%,-0.0228,-0.0018,-0.01265,-1.265
202,Rice,50.30%,50.20%,20.70%,16.60%,20.30%,75.20%,24.80%,79.70%,0.4,0.301,0.0004,0.01025,95.50%,104.50%,-0.018,0.01485,-0.013,-1.3
203,Neb Omaha,51.00%,50.20%,18.10%,16.30%,24.30%,73.30%,26.70%,75.70%,0.247,0.265,0.0032,0.0045,97.60%,102.40%,-0.0096,-0.0027,-0.0136,-1.36
204,U Mass,50.30%,49.80%,18.50%,21.30%,25.50%,68.60%,31.40%,74.50%,0.352,0.347,0.002,-0.007,94.10%,105.90%,-0.0236,0.00075,-0.01385,-1.385
205,Iona,45.30%,49.70%,21.90%,23.30%,30.60%,66.90%,33.10%,69.40%,0.355,0.291,-0.0176,-0.0035,97.50%,102.50%,-0.01,0.0096,-0.0145,-1.45
206,Princeton,49.90%,57.40%,17.80%,16.00%,26.70%,78.00%,22.00%,73.30%,0.286,0.284,-0.03,0.0045,104.70%,95.30%,0.0188,0.0003,-0.0154,-1.54
207,IPFW,53.10%,52.10%,20.80%,18.80%,25.00%,72.70%,27.30%,75.00%,0.234,0.274,0.004,0.005,97.70%,102.30%,-0.0092,-0.006,-0.0162,-1.62
208,Nebraska,49.60%,48.40%,16.10%,19.20%,18.30%,67.20%,32.80%,81.70%,0.376,0.185,0.0048,-0.00775,85.50%,114.50%,-0.058,0.02865,-0.0168,-1.68
209,Loyola-MD,52.80%,48.10%,16.90%,21.40%,19.60%,67.10%,32.90%,80.40%,0.389,0.348,0.0188,-0.01125,86.70%,113.30%,-0.0532,0.00615,-0.017,-1.7
210,Winthrop,49.50%,52.10%,19.60%,21.80%,30.20%,72.50%,27.50%,69.80%,0.229,0.382,-0.0104,-0.0055,102.70%,97.30%,0.0108,-0.02295,-0.01705,-1.705
211,Boston U,46.90%,51.90%,18.20%,18.30%,29.10%,72.30%,27.70%,70.90%,0.248,0.273,-0.02,-0.00025,101.40%,98.60%,0.0056,-0.00375,-0.0179,-1.79
212,Bowling Grn,47.20%,49.90%,12.40%,18.80%,23.20%,77.20%,22.80%,76.80%,0.288,0.453,-0.0108,-0.016,100.40%,99.60%,0.0016,-0.02475,-0.01795,-1.795
213,Dartmouth,49.40%,49.00%,22.00%,18.90%,19.80%,78.20%,21.80%,80.20%,0.245,0.277,0.0016,0.00775,98.00%,102.00%,-0.008,-0.0048,-0.01895,-1.895
214,Portland,54.00%,46.50%,18.90%,18.70%,16.70%,67.40%,32.60%,83.30%,0.386,0.295,0.03,0.0005,84.10%,115.90%,-0.0636,0.01365,-0.02045,-2.045
215,Montana St,51.40%,44.80%,22.00%,13.60%,17.80%,73.70%,26.30%,82.20%,0.363,0.309,0.0264,0.021,91.50%,108.50%,-0.034,0.0081,-0.0205,-2.05
216,E Washingtn,50.90%,49.40%,17.80%,18.90%,23.60%,73.60%,26.40%,76.40%,0.288,0.409,0.006,-0.00275,97.20%,102.80%,-0.0112,-0.01815,-0.0206,-2.06
217,U Penn,53.70%,50.40%,18.10%,15.90%,22.90%,71.00%,29.00%,77.10%,0.244,0.271,0.0132,0.0055,93.90%,106.10%,-0.0244,-0.00405,-0.02075,-2.075
218,Evansville,53.70%,52.10%,17.60%,16.70%,17.30%,73.60%,26.40%,82.70%,0.428,0.355,0.0064,0.00225,90.90%,109.10%,-0.0364,0.01095,-0.0213,-2.13
219,Loyola Mymt,56.20%,50.40%,21.10%,20.00%,24.30%,70.70%,29.30%,75.70%,0.32,0.465,0.0232,0.00275,95.00%,105.00%,-0.02,-0.02175,-0.0213,-2.13
220,Lamar,44.50%,47.00%,19.50%,22.20%,27.30%,69.80%,30.20%,72.70%,0.299,0.345,-0.01,-0.00675,97.10%,102.90%,-0.0116,-0.0069,-0.02175,-2.175
221,Georgia St,50.80%,46.90%,18.50%,20.60%,27.70%,67.70%,32.30%,72.30%,0.299,0.464,0.0156,-0.00525,95.40%,104.60%,-0.0184,-0.02475,-0.0223,-2.23
222,LA Monroe,48.90%,45.10%,21.60%,16.30%,25.30%,67.80%,32.20%,74.70%,0.308,0.286,0.0152,0.01325,93.10%,106.90%,-0.0276,0.0033,-0.02235,-2.235
223,Col Charlestn,48.50%,46.60%,19.20%,17.90%,24.70%,69.50%,30.50%,75.30%,0.345,0.369,0.0076,0.00325,94.20%,105.80%,-0.0232,-0.0036,-0.02245,-2.245
224,American,52.40%,51.60%,17.30%,18.20%,23.00%,73.80%,26.20%,77.00%,0.272,0.373,0.0032,-0.00225,96.80%,103.20%,-0.0128,-0.01515,-0.0225,-2.25
225,SE Missouri,48.10%,51.80%,21.20%,19.40%,21.40%,77.50%,22.50%,78.60%,0.403,0.395,-0.0148,0.0045,98.90%,101.10%,-0.0044,0.0012,-0.0225,-2.25
226,WI-Milwkee,44.90%,50.00%,18.40%,21.40%,28.40%,74.20%,25.80%,71.60%,0.354,0.491,-0.0204,-0.0075,102.60%,97.40%,0.0104,-0.02055,-0.02305,-2.305
227,Texas A&M,42.60%,47.10%,22.40%,22.40%,23.10%,69.00%,31.00%,76.90%,0.382,0.205,-0.018,0,92.10%,107.90%,-0.0316,0.02655,-0.02305,-2.305
228,Indiana St,54.00%,51.40%,17.30%,16.20%,21.40%,74.30%,25.70%,78.60%,0.336,0.428,0.0104,0.00275,95.70%,104.30%,-0.0172,-0.0138,-0.02335,-2.335
229,Seattle,42.50%,48.00%,15.30%,16.20%,26.30%,76.20%,23.80%,73.70%,0.326,0.418,-0.022,-0.00225,102.50%,97.50%,0.01,-0.0138,-0.02355,-2.355
230,Idaho State,47.90%,52.20%,24.90%,19.30%,27.40%,72.00%,28.00%,72.60%,0.419,0.352,-0.0172,0.014,99.40%,100.60%,-0.0024,0.01005,-0.02355,-2.355
231,Fairfield,47.50%,51.20%,19.90%,18.10%,23.50%,78.80%,21.20%,76.50%,0.259,0.35,-0.0148,0.0045,102.30%,97.70%,0.0092,-0.01365,-0.02375,-2.375
232,Radford,49.10%,50.80%,16.10%,15.60%,27.20%,72.60%,27.40%,72.80%,0.281,0.385,-0.0068,0.00125,99.80%,100.20%,-0.0008,-0.0156,-0.02445,-2.445
233,TX A&M-CC,48.40%,50.30%,26.40%,17.30%,29.90%,71.40%,28.60%,70.10%,0.293,0.296,-0.0076,0.02275,101.30%,98.70%,0.0052,-0.00045,-0.0256,-2.56
234,TX El Paso,48.20%,44.60%,21.00%,25.90%,15.20%,70.80%,29.20%,84.80%,0.364,0.342,0.0144,-0.01225,86.00%,114.00%,-0.056,0.0033,-0.02605,-2.605
235,Grd Canyon,48.90%,51.50%,17.90%,17.30%,21.80%,74.00%,26.00%,78.20%,0.316,0.301,-0.0104,0.0015,95.80%,104.20%,-0.0168,0.00225,-0.02645,-2.645
236,N Florida,51.50%,52.20%,20.80%,17.10%,26.50%,70.20%,29.80%,73.50%,0.289,0.301,-0.0028,0.00925,96.70%,103.30%,-0.0132,-0.0018,-0.02705,-2.705
237,Cornell,45.30%,52.00%,15.90%,19.20%,28.00%,70.50%,29.50%,72.00%,0.276,0.297,-0.0268,-0.00825,98.50%,101.50%,-0.006,-0.00315,-0.0277,-2.77
238,Manhattan,43.20%,45.40%,19.50%,23.50%,27.20%,72.10%,27.90%,72.80%,0.337,0.513,-0.0088,-0.01,99.30%,100.70%,-0.0028,-0.0264,-0.028,-2.8
239,Jksnville St,44.60%,53.00%,21.50%,18.10%,27.50%,77.10%,22.90%,72.50%,0.241,0.272,-0.0336,0.0085,104.60%,95.40%,0.0184,-0.00465,-0.02835,-2.835
240,Mt St Marys,43.20%,49.40%,19.10%,17.00%,27.10%,75.40%,24.60%,72.90%,0.244,0.301,-0.0248,0.00525,102.50%,97.50%,0.01,-0.00855,-0.0286,-2.86
241,CS Fullerton,43.10%,49.60%,19.10%,19.60%,20.80%,79.00%,21.00%,79.20%,0.334,0.356,-0.026,-0.00125,99.80%,100.20%,-0.0008,-0.0033,-0.02885,-2.885
242,Fresno St,48.40%,47.70%,17.70%,14.20%,24.70%,72.70%,27.30%,75.30%,0.292,0.378,0.0028,0.00875,97.40%,102.60%,-0.0104,-0.0129,-0.02925,-2.925
243,Oral Roberts,42.50%,49.50%,16.80%,17.70%,28.00%,73.40%,26.60%,72.00%,0.288,0.359,-0.028,-0.00225,101.40%,98.60%,0.0056,-0.01065,-0.0308,-3.08
244,North Dakota,48.50%,51.00%,22.10%,14.50%,25.00%,73.50%,26.50%,75.00%,0.307,0.28,-0.01,0.019,98.50%,101.50%,-0.006,0.00405,-0.03095,-3.095
245,San Diego,48.20%,48.70%,20.20%,18.70%,22.00%,72.50%,27.50%,78.00%,0.3,0.324,-0.002,0.00375,94.50%,105.50%,-0.022,-0.0036,-0.03135,-3.135
246,Stetson,48.00%,53.10%,23.20%,15.20%,28.10%,71.10%,28.90%,71.90%,0.354,0.275,-0.0204,0.02,99.20%,100.80%,-0.0032,0.01185,-0.03175,-3.175
247,Chattanooga,48.50%,50.60%,18.60%,20.80%,23.80%,72.20%,27.80%,76.20%,0.247,0.339,-0.0084,-0.0055,96.00%,104.00%,-0.016,-0.0138,-0.0327,-3.27
248,NJIT,45.80%,54.70%,16.80%,17.60%,24.80%,75.40%,24.60%,75.20%,0.302,0.307,-0.0356,-0.002,100.20%,99.80%,0.0008,-0.00075,-0.03355,-3.355
249,North Alabama,45.90%,47.20%,21.70%,19.80%,25.40%,69.90%,30.10%,74.60%,0.375,0.413,-0.0052,0.00475,95.30%,104.70%,-0.0188,-0.0057,-0.03445,-3.445
250,Columbia,47.30%,50.50%,17.90%,16.20%,19.50%,77.80%,22.20%,80.50%,0.187,0.238,-0.0128,0.00425,97.30%,102.70%,-0.0108,-0.00765,-0.0355,-3.55
251,Lipscomb,48.00%,49.30%,20.60%,21.40%,24.30%,66.90%,33.10%,75.70%,0.247,0.231,-0.0052,-0.002,91.20%,108.80%,-0.0352,0.0024,-0.036,-3.6
252,TX-Arlington,46.00%,48.40%,16.70%,17.00%,22.20%,72.90%,27.10%,77.80%,0.306,0.36,-0.0096,-0.00075,95.10%,104.90%,-0.0196,-0.0081,-0.03655,-3.655
253,Maine,47.30%,49.00%,27.10%,15.20%,27.40%,74.60%,25.40%,72.60%,0.266,0.32,-0.0068,0.02975,102.00%,98.00%,0.008,-0.0081,-0.03665,-3.665
254,Army,50.90%,51.50%,18.50%,17.90%,16.20%,74.70%,25.30%,83.80%,0.274,0.25,-0.0024,0.0015,90.90%,109.10%,-0.0364,0.0036,-0.0367,-3.67
255,Idaho,45.50%,50.80%,19.80%,16.70%,21.20%,74.90%,25.10%,78.80%,0.298,0.248,-0.0212,0.00775,96.10%,103.90%,-0.0156,0.0075,-0.03705,-3.705
256,Weber State,46.10%,58.80%,21.60%,19.40%,24.10%,77.60%,22.40%,75.90%,0.252,0.171,-0.0508,0.0055,101.70%,98.30%,0.0068,0.01215,-0.03735,-3.735
257,Gard-Webb,49.30%,49.50%,18.80%,16.30%,22.20%,71.30%,28.70%,77.80%,0.303,0.336,-0.0008,0.00625,93.50%,106.50%,-0.026,-0.00495,-0.038,-3.8
258,S Illinois,52.10%,49.20%,19.70%,19.70%,17.70%,69.30%,30.70%,82.30%,0.33,0.317,0.0116,0,87.00%,113.00%,-0.052,0.00195,-0.03845,-3.845
259,Utah Val St,48.70%,46.90%,19.40%,18.50%,20.50%,72.80%,27.20%,79.50%,0.221,0.333,0.0072,0.00225,93.30%,106.70%,-0.0268,-0.0168,-0.03865,-3.865
260,W Michigan,45.00%,50.50%,15.60%,16.30%,24.00%,69.90%,30.10%,76.00%,0.428,0.398,-0.022,-0.00175,93.90%,106.10%,-0.0244,0.0045,-0.04015,-4.015
261,Marist,41.90%,49.70%,17.50%,19.70%,22.60%,76.40%,23.60%,77.40%,0.209,0.28,-0.0312,-0.0055,99.00%,101.00%,-0.004,-0.01065,-0.04035,-4.035
262,VA Military,49.40%,53.00%,16.40%,19.80%,23.60%,71.30%,28.70%,76.40%,0.224,0.319,-0.0144,-0.0085,94.90%,105.10%,-0.0204,-0.01425,-0.04055,-4.055
263,Marshall,48.90%,47.70%,20.80%,18.70%,26.10%,67.90%,32.10%,73.90%,0.259,0.37,0.0048,0.00525,94.00%,106.00%,-0.024,-0.01665,-0.0411,-4.11
264,UC Davis,50.70%,52.40%,20.00%,18.70%,20.90%,72.70%,27.30%,79.10%,0.287,0.324,-0.0068,0.00325,93.60%,106.40%,-0.0256,-0.00555,-0.0412,-4.12
265,Abl Christian,44.10%,54.70%,18.00%,22.30%,23.80%,76.50%,23.50%,76.20%,0.358,0.431,-0.0424,-0.01075,100.30%,99.70%,0.0012,-0.01095,-0.0414,-4.14
266,Binghamton,49.00%,52.30%,17.20%,12.40%,29.00%,70.50%,29.50%,71.00%,0.195,0.29,-0.0132,0.012,99.50%,100.50%,-0.002,-0.01425,-0.04145,-4.145
267,Montana,47.40%,46.60%,20.30%,19.70%,19.50%,76.80%,23.20%,80.50%,0.256,0.446,0.0032,0.0015,96.30%,103.70%,-0.0148,-0.0285,-0.0416,-4.16
268,Prairie View,44.50%,49.90%,22.00%,22.90%,24.80%,74.00%,26.00%,75.20%,0.337,0.455,-0.0216,-0.00225,98.80%,101.20%,-0.0048,-0.0177,-0.04185,-4.185
269,TX-San Ant,44.90%,55.30%,16.50%,19.90%,25.20%,75.90%,24.10%,74.80%,0.258,0.349,-0.0416,-0.0085,101.10%,98.90%,0.0044,-0.01365,-0.04235,-4.235
270,N Arizona,47.10%,57.60%,20.40%,17.10%,27.10%,71.20%,28.80%,72.90%,0.39,0.293,-0.042,0.00825,98.30%,101.70%,-0.0068,0.01455,-0.0425,-4.25
271,Pepperdine,51.10%,55.20%,18.40%,20.90%,28.10%,69.40%,30.60%,71.90%,0.32,0.476,-0.0164,-0.00625,97.50%,102.50%,-0.01,-0.0234,-0.04355,-4.355
272,McNeese St,55.40%,54.50%,25.00%,17.10%,22.40%,67.80%,32.20%,77.60%,0.396,0.338,0.0036,0.01975,90.20%,109.80%,-0.0392,0.0087,-0.04665,-4.665
273,Campbell,50.80%,47.70%,17.50%,23.10%,22.00%,68.70%,31.30%,78.00%,0.189,0.429,0.0124,-0.014,90.70%,109.30%,-0.0372,-0.036,-0.0468,-4.68
274,San Jose St,43.00%,50.20%,22.10%,14.60%,28.80%,70.70%,29.30%,71.20%,0.331,0.313,-0.0288,0.01875,99.50%,100.50%,-0.002,0.0027,-0.04685,-4.685
275,Miami (FL),52.00%,51.50%,14.40%,18.80%,21.70%,63.80%,36.20%,78.30%,0.203,0.224,0.002,-0.011,85.50%,114.50%,-0.058,-0.00315,-0.04815,-4.815
276,Morgan St,44.00%,50.40%,21.70%,17.90%,29.10%,74.80%,25.20%,70.90%,0.412,0.614,-0.0256,0.0095,103.90%,96.10%,0.0156,-0.0303,-0.0498,-4.98
277,High Point,39.40%,55.70%,22.90%,18.30%,29.00%,73.80%,26.20%,71.00%,0.392,0.291,-0.0652,0.0115,102.80%,97.20%,0.0112,0.01515,-0.05035,-5.035
278,St Peters,38.90%,46.70%,23.30%,20.60%,33.20%,66.50%,33.50%,66.80%,0.333,0.412,-0.0312,0.00675,99.70%,100.30%,-0.0012,-0.01185,-0.051,-5.1
279,Kennesaw St,37.40%,55.70%,25.10%,20.00%,31.70%,73.10%,26.90%,68.30%,0.395,0.299,-0.0732,0.01275,104.80%,95.20%,0.0192,0.0144,-0.05235,-5.235
280,Maryland BC,47.20%,53.30%,20.40%,21.60%,26.00%,69.70%,30.30%,74.00%,0.376,0.468,-0.0244,-0.003,95.70%,104.30%,-0.0172,-0.0138,-0.0524,-5.24
281,Miami (OH),50.50%,55.00%,17.10%,18.50%,23.90%,72.00%,28.00%,76.10%,0.255,0.399,-0.018,-0.0035,95.90%,104.10%,-0.0164,-0.0216,-0.0525,-5.25
282,Bucknell,48.20%,54.30%,19.60%,17.00%,24.40%,72.40%,27.60%,75.60%,0.305,0.366,-0.0244,0.0065,96.80%,103.20%,-0.0128,-0.00915,-0.05285,-5.285
283,Sam Hous St,47.10%,50.70%,18.00%,23.90%,21.50%,71.00%,29.00%,78.50%,0.311,0.467,-0.0144,-0.01475,92.50%,107.50%,-0.03,-0.0234,-0.05305,-5.305
284,Coppin State,44.60%,47.90%,17.50%,19.70%,20.60%,70.10%,29.90%,79.40%,0.287,0.343,-0.0132,-0.0055,90.70%,109.30%,-0.0372,-0.0084,-0.0533,-5.33
285,LIU,53.90%,50.90%,17.30%,13.20%,14.60%,69.60%,30.40%,85.40%,0.34,0.288,0.012,0.01025,84.20%,115.80%,-0.0632,0.0078,-0.05365,-5.365
286,Norfolk St,43.60%,50.90%,23.70%,18.90%,28.50%,71.30%,28.70%,71.50%,0.304,0.382,-0.0292,0.012,99.80%,100.20%,-0.0008,-0.0117,-0.0537,-5.37
287,NC A&T,41.60%,49.90%,23.90%,21.80%,26.50%,71.00%,29.00%,73.50%,0.378,0.416,-0.0332,0.00525,97.50%,102.50%,-0.01,-0.0057,-0.05415,-5.415
288,Troy,42.60%,54.30%,18.40%,22.60%,31.10%,67.00%,33.00%,68.90%,0.293,0.37,-0.0468,-0.0105,98.10%,101.90%,-0.0076,-0.01155,-0.05545,-5.545
289,St Fran (NY),46.80%,51.10%,20.20%,18.20%,26.50%,70.90%,29.10%,73.50%,0.272,0.428,-0.0172,0.005,97.40%,102.60%,-0.0104,-0.0234,-0.056,-5.6
290,Denver,47.10%,53.00%,21.30%,19.50%,16.80%,74.50%,25.50%,83.20%,0.34,0.304,-0.0236,0.0045,91.30%,108.70%,-0.0348,0.0054,-0.0575,-5.75
291,IL-Chicago,48.30%,49.90%,23.20%,17.20%,21.00%,70.30%,29.70%,79.00%,0.302,0.314,-0.0064,0.015,91.30%,108.70%,-0.0348,-0.0018,-0.058,-5.8
292,Monmouth,47.00%,48.60%,20.10%,21.30%,20.50%,70.30%,29.70%,79.50%,0.288,0.407,-0.0064,-0.003,90.80%,109.20%,-0.0368,-0.01785,-0.05805,-5.805
293,NC-Wilmgton,43.80%,51.10%,20.90%,15.40%,19.20%,75.80%,24.20%,80.80%,0.276,0.244,-0.0292,0.01375,95.00%,105.00%,-0.02,0.0048,-0.05815,-5.815
294,Lg Beach St,48.90%,55.10%,22.60%,21.70%,24.30%,66.70%,33.30%,75.70%,0.305,0.274,-0.0248,0.00225,91.00%,109.00%,-0.036,0.00465,-0.0584,-5.84
295,Grambling St,47.80%,52.70%,20.10%,20.30%,24.40%,68.40%,31.60%,75.60%,0.352,0.423,-0.0196,-0.0005,92.80%,107.20%,-0.0288,-0.01065,-0.05855,-5.855
296,Longwood,46.10%,51.90%,16.90%,18.90%,20.30%,72.10%,27.90%,79.70%,0.281,0.348,-0.0232,-0.005,92.40%,107.60%,-0.0304,-0.01005,-0.05865,-5.865
297,Rob Morris,45.60%,52.70%,18.80%,20.10%,25.30%,72.30%,27.70%,74.70%,0.204,0.378,-0.0284,-0.00325,97.60%,102.40%,-0.0096,-0.0261,-0.06085,-6.085
298,NC-Asheville,54.40%,61.00%,20.10%,25.30%,26.80%,66.40%,33.60%,73.20%,0.336,0.474,-0.0264,-0.013,93.20%,106.80%,-0.0272,-0.0207,-0.0613,-6.13
299,W Illinois,50.30%,55.60%,13.90%,16.60%,20.30%,71.80%,28.20%,79.70%,0.234,0.339,-0.0212,-0.00675,92.10%,107.90%,-0.0316,-0.01575,-0.0618,-6.18
300,UMKC,47.00%,51.90%,20.10%,20.80%,19.40%,76.10%,23.90%,80.60%,0.279,0.456,-0.0196,-0.00175,95.50%,104.50%,-0.018,-0.02655,-0.0624,-6.24
301,TX-Pan Am,42.70%,47.40%,18.10%,22.60%,20.80%,72.10%,27.90%,79.20%,0.291,0.471,-0.0188,-0.01125,92.90%,107.10%,-0.0284,-0.027,-0.06295,-6.295
302,Wyoming,47.30%,48.00%,20.40%,18.30%,9.90%,75.70%,24.30%,90.10%,0.293,0.287,-0.0028,0.00525,85.60%,114.40%,-0.0576,0.0009,-0.06475,-6.475
303,WI-Grn Bay,51.80%,58.50%,16.40%,19.00%,19.50%,70.50%,29.50%,80.50%,0.246,0.276,-0.0268,-0.0065,90.00%,110.00%,-0.04,-0.0045,-0.0648,-6.48
304,Citadel,52.10%,55.80%,19.90%,18.00%,21.80%,66.90%,33.10%,78.20%,0.3,0.304,-0.0148,0.00475,88.70%,111.30%,-0.0452,-0.0006,-0.06535,-6.535
305,Wagner,44.60%,58.10%,20.30%,15.60%,25.50%,73.30%,26.70%,74.50%,0.467,0.435,-0.054,0.01175,98.80%,101.20%,-0.0048,0.0048,-0.06575,-6.575
306,St Josephs,44.90%,52.90%,17.50%,15.30%,25.30%,69.90%,30.10%,74.70%,0.283,0.345,-0.032,0.0055,95.20%,104.80%,-0.0192,-0.0093,-0.066,-6.6
307,Presbyterian,46.30%,52.10%,21.10%,16.90%,24.50%,70.30%,29.70%,75.50%,0.217,0.294,-0.0232,0.0105,94.80%,105.20%,-0.0208,-0.01155,-0.06605,-6.605
308,Fla Gulf Cst,42.10%,48.30%,25.10%,19.30%,26.50%,69.10%,30.90%,73.50%,0.274,0.337,-0.0248,0.0145,95.60%,104.40%,-0.0176,-0.00945,-0.06635,-6.635
309,Lehigh,49.70%,52.00%,21.90%,16.80%,20.20%,73.30%,26.70%,79.80%,0.182,0.308,-0.0092,0.01275,93.50%,106.50%,-0.026,-0.0189,-0.06685,-6.685
310,Beth-Cook,43.80%,51.40%,19.00%,21.30%,24.20%,70.60%,29.40%,75.80%,0.256,0.405,-0.0304,-0.00575,94.80%,105.20%,-0.0208,-0.02235,-0.0678,-6.78
311,IUPUI,46.40%,56.10%,21.00%,17.60%,26.60%,69.70%,30.30%,73.40%,0.279,0.319,-0.0388,0.0085,96.30%,103.70%,-0.0148,-0.006,-0.0681,-6.81
312,Cleveland St,40.30%,49.30%,23.80%,19.00%,26.40%,69.00%,31.00%,73.60%,0.389,0.405,-0.036,0.012,95.40%,104.60%,-0.0184,-0.0024,-0.0688,-6.88
313,TX Southern,42.00%,50.00%,23.00%,17.50%,24.50%,67.70%,32.30%,75.50%,0.342,0.323,-0.032,0.01375,92.20%,107.80%,-0.0312,0.00285,-0.0741,-7.41
314,Detroit,43.00%,56.60%,19.90%,17.70%,23.40%,72.30%,27.70%,76.60%,0.311,0.294,-0.0544,0.0055,95.70%,104.30%,-0.0172,0.00255,-0.07455,-7.455
315,TN Martin,50.90%,64.00%,14.90%,16.10%,27.80%,66.80%,33.20%,72.20%,0.258,0.285,-0.0524,-0.003,94.60%,105.40%,-0.0216,-0.00405,-0.07505,-7.505
316,Middle Tenn,46.40%,56.50%,21.30%,18.90%,23.10%,72.30%,27.70%,76.90%,0.269,0.342,-0.0404,0.006,95.40%,104.60%,-0.0184,-0.01095,-0.07575,-7.575
317,Hampton,47.80%,54.00%,18.00%,17.00%,25.30%,64.90%,35.10%,74.70%,0.341,0.411,-0.0248,0.0025,90.20%,109.80%,-0.0392,-0.0105,-0.077,-7.7
318,Cal St Nrdge,48.80%,56.20%,18.50%,16.60%,23.20%,66.50%,33.50%,76.80%,0.267,0.289,-0.0296,0.00475,89.70%,110.30%,-0.0412,-0.0033,-0.07885,-7.885
319,Hartford,48.00%,48.10%,21.10%,18.60%,16.40%,68.10%,31.90%,83.60%,0.271,0.348,-0.0004,0.00625,84.50%,115.50%,-0.062,-0.01155,-0.0802,-8.02
320,TN Tech,43.20%,51.90%,25.70%,19.40%,25.70%,71.20%,28.80%,74.30%,0.154,0.275,-0.0348,0.01575,96.90%,103.10%,-0.0124,-0.01815,-0.0811,-8.11
321,Niagara,48.40%,54.50%,18.70%,20.50%,17.10%,67.40%,32.60%,82.90%,0.242,0.244,-0.0244,-0.0045,84.50%,115.50%,-0.062,-0.0003,-0.0822,-8.22
322,NC Central,44.90%,54.00%,25.20%,22.40%,24.80%,66.90%,33.10%,75.20%,0.294,0.337,-0.0364,0.007,91.70%,108.30%,-0.0332,-0.00645,-0.08305,-8.305
323,F Dickinson,46.60%,55.20%,19.20%,17.20%,24.50%,65.50%,34.50%,75.50%,0.276,0.306,-0.0344,0.005,90.00%,110.00%,-0.04,-0.0045,-0.0839,-8.39
324,Holy Cross,50.40%,55.30%,20.70%,16.30%,23.50%,68.40%,31.60%,76.50%,0.216,0.356,-0.0196,0.011,91.90%,108.10%,-0.0324,-0.021,-0.084,-8.4
325,Cal Poly,49.60%,56.70%,18.10%,15.20%,21.60%,72.70%,27.30%,78.40%,0.274,0.445,-0.0284,0.00725,94.30%,105.70%,-0.0228,-0.02565,-0.0841,-8.41
326,Southern,45.10%,55.70%,20.30%,17.50%,32.00%,71.00%,29.00%,68.00%,0.211,0.54,-0.0424,0.007,103.00%,97.00%,0.012,-0.04935,-0.08675,-8.675
327,Nicholls St,46.10%,49.90%,20.90%,26.90%,26.40%,58.60%,41.40%,73.60%,0.243,0.427,-0.0152,-0.015,85.00%,115.00%,-0.06,-0.0276,-0.0878,-8.78
328,SIU Edward,45.60%,55.10%,19.00%,19.90%,20.30%,72.90%,27.10%,79.70%,0.223,0.389,-0.038,-0.00225,93.20%,106.80%,-0.0272,-0.0249,-0.08785,-8.785
329,S Mississippi,47.90%,56.80%,21.60%,19.60%,23.70%,74.80%,25.20%,76.30%,0.158,0.434,-0.0356,0.005,98.50%,101.50%,-0.006,-0.0414,-0.088,-8.8
330,Elon,43.30%,49.80%,18.50%,16.90%,15.90%,72.80%,27.20%,84.10%,0.26,0.352,-0.026,0.004,88.70%,111.30%,-0.0452,-0.0138,-0.089,-8.9
331,E Kentucky,41.30%,52.20%,23.80%,25.00%,19.10%,72.10%,27.90%,80.90%,0.351,0.448,-0.0436,-0.003,91.20%,108.80%,-0.0352,-0.01455,-0.09035,-9.035
332,SC Upstate,42.50%,53.90%,19.40%,18.60%,18.00%,75.00%,25.00%,82.00%,0.307,0.412,-0.0456,0.002,93.00%,107.00%,-0.028,-0.01575,-0.09135,-9.135
333,Central Ark,44.80%,55.10%,24.50%,16.90%,19.80%,67.50%,32.50%,80.20%,0.443,0.32,-0.0412,0.019,87.30%,112.70%,-0.0508,0.01845,-0.09255,-9.255
334,Howard,46.20%,59.50%,18.50%,15.70%,20.40%,69.30%,30.70%,79.60%,0.337,0.307,-0.0532,0.007,89.70%,110.30%,-0.0412,0.0045,-0.0969,-9.69
335,SE Louisiana,44.50%,53.00%,21.30%,20.60%,27.30%,67.40%,32.60%,72.70%,0.217,0.491,-0.034,0.00175,94.70%,105.30%,-0.0212,-0.0411,-0.09805,-9.805
336,Merrimack,44.20%,51.20%,17.90%,23.40%,19.30%,65.30%,34.70%,80.70%,0.224,0.397,-0.028,-0.01375,84.60%,115.40%,-0.0616,-0.02595,-0.1018,-10.18
337,Alabama St,42.10%,54.10%,23.10%,20.80%,18.10%,70.00%,30.00%,81.90%,0.329,0.362,-0.048,0.00575,88.10%,111.90%,-0.0476,-0.00495,-0.1063,-10.63
338,Incar Word,41.70%,51.50%,22.40%,18.10%,22.80%,67.00%,33.00%,77.20%,0.294,0.406,-0.0392,0.01075,89.80%,110.20%,-0.0408,-0.0168,-0.10755,-10.755
339,Central Conn,41.40%,55.40%,21.80%,17.80%,17.90%,70.80%,29.20%,82.10%,0.328,0.305,-0.056,0.01,88.70%,111.30%,-0.0452,0.00345,-0.10775,-10.775
340,Alab A&M,43.50%,56.00%,17.30%,18.90%,18.80%,67.80%,32.20%,81.20%,0.209,0.285,-0.05,-0.004,86.60%,113.40%,-0.0536,-0.0114,-0.111,-11.1
341,Houston Bap,46.40%,61.00%,19.60%,16.80%,26.10%,64.70%,35.30%,73.90%,0.306,0.367,-0.0584,0.007,90.80%,109.20%,-0.0368,-0.00915,-0.11135,-11.135
342,Alcorn State,38.10%,56.30%,22.00%,21.00%,25.70%,71.00%,29.00%,74.30%,0.239,0.408,-0.0728,0.0025,96.70%,103.30%,-0.0132,-0.02535,-0.11385,-11.385
343,Charl South,38.50%,54.00%,21.30%,21.30%,25.60%,62.30%,37.70%,74.40%,0.225,0.251,-0.062,0,87.90%,112.10%,-0.0484,-0.0039,-0.1143,-11.43
344,NW State,42.90%,53.20%,20.50%,15.80%,23.50%,67.90%,32.10%,76.50%,0.221,0.436,-0.0412,0.01175,91.40%,108.60%,-0.0344,-0.03225,-0.1196,-11.96
345,Delaware St,45.80%,58.40%,19.40%,18.10%,18.50%,68.40%,31.60%,81.50%,0.336,0.436,-0.0504,0.00325,86.90%,113.10%,-0.0524,-0.015,-0.12105,-12.105
346,Chicago St,46.90%,56.40%,26.90%,17.30%,18.30%,65.80%,34.20%,81.70%,0.427,0.415,-0.038,0.024,84.10%,115.90%,-0.0636,0.0018,-0.1238,-12.38
347,Florida A&M,39.10%,52.90%,22.50%,20.30%,22.20%,62.50%,37.50%,77.80%,0.367,0.4,-0.0552,0.0055,84.70%,115.30%,-0.0612,-0.00495,-0.12685,-12.685
348,Ark Pine Bl,41.30%,51.90%,29.20%,19.20%,19.50%,70.70%,29.30%,80.50%,0.272,0.449,-0.0424,0.025,90.20%,109.80%,-0.0392,-0.02655,-0.13315,-13.315
349,Jackson St,42.80%,62.80%,17.20%,24.90%,22.70%,69.00%,31.00%,77.30%,0.229,0.5,-0.08,-0.01925,91.70%,108.30%,-0.0332,-0.04065,-0.1346,-13.46
350,Maryland ES,40.90%,56.60%,23.10%,20.40%,20.00%,67.80%,32.20%,80.00%,0.19,0.33,-0.0628,0.00675,87.80%,112.20%,-0.0488,-0.021,-0.13935,-13.935
351,New Orleans,42.00%,56.90%,17.70%,17.10%,21.80%,65.80%,34.20%,78.20%,0.217,0.415,-0.0596,0.0015,87.60%,112.40%,-0.0496,-0.0297,-0.1404,-14.04
352,S Car State,42.10%,58.40%,19.70%,18.00%,21.10%,62.30%,37.70%,78.90%,0.294,0.338,-0.0652,0.00425,83.40%,116.60%,-0.0664,-0.0066,-0.14245,-14.245
353,Miss Val St,39.70%,57.70%,19.90%,13.40%,19.00%,66.30%,33.70%,81.00%,0.172,0.326,-0.072,0.01625,85.30%,114.70%,-0.0588,-0.0231,-0.17015,-17.015
354,,,,,,,,,,,,,,,,,,,
